INSERT INTO users (user_id, username, password) VALUES
    (1, 'Alice1', '@aaabbB1'),
    (2, 'Bob456', 'AAABBb1@'),
    (3, 'Charlie', 'abcdefghijklmnopqrstuvwxyzABCDEFGHIJKLMNOPQRSTUVWXYZ123456789@$!'),
    (4, 'user165', 'abcdefghijklmnopqrstuvwxyzABCDEFGHIJKLMNOPQRSTUVWXYZ123456789@$!!!!!!'),
    (5, 'user165_user165_user165', 'AAABBb1aaaaaaaaaaaaaaaaaaaaaaa@'),
    (6, 'user165user165user165user165', 'AAABBb1aaaaaaaaaaaaaaaaaaaaaaa@'),
    (7, 'useruseruseruseruseruseruseruseruseruseruseruseruseruser', 'AAABBb1aaaaaaaaaaaaaaaaaaaaaaa@'),
    (8, 'user200', 'AAABBb1aaaaaaaaaaaaaaaaaaaaaaa@'),
    (9, 'user201', 'AAABBb1aaaaaaaaaaaaaaaaaaaaaaa@'),
    (10, 'user202', 'AAABBb1aaaaaaaaaaaaaaaaaaaaaaa@'),
    (11, 'user203', 'AAABBb1aaaaaaaaaaaaaaaaaaaaaaa@'),
    (12, 'user204', 'AAABBb1aaaaaaaaaaaaaaaaaaaaaaa@');

INSERT INTO sessions (user_id, token) VALUES
    (1, '41cee34209b44a7e86a3f1cedd69dfbc'),
    (2, '40264e78d76d1e4fd1f723fb5db9b2ed'),
    (3, '5409317b2837425d8bda6ec764ac9519'),
    (4, '6b74b3e63aba1f151f37d9c4ecb49d04'),
    (5, '252e9978f067c80e6297f3d2688acb0a'),
    (5, '58057e74c57bdd498b8abaa2a47a3da3'),
    (5, '69583841be801b12c12e1df4dfd9cdd9'),
    (6, '02cf87941cd25a59502b02dc2e245bb3'),
    (7, '1f08bbeed681b663d8cf0bfbe9ce9902'),
    (8, 'f3da0b54daf6b4b173993dda8fcdc3e0'),
    (9, '2c5330d4fb197a5db6262f70b945d939'),
    (10, 'b4667eb82c3ef236abdc30ae6378aa6c'),
    (11, '88c2a8f53ad4ef411a099cc7815a7c09'),
    (12, 'e88b7f959aaaf618caf4b90f2a6c7ed4');

INSERT INTO task_categories (category_id, user_id, label) VALUES
    ('ef3bed14ee3dc5496de807cd13b59960', 1, ''),
    ('f4d229c09eb3e755abbf3202190e1680', 1, '1'),
    ('43c30e9616bb4c6d7709a6cb3b2471fd', 1, '#'),
    ('43c30e9616bb4c6d7709a6cb3b2471fa', 1, 'FC%DL#mw!P9jn3QtPcQAq[fEVby.8+'),
    ('413731b7b55eb66de76a8b3b33dafa8d', 1, 'FC%DL#mw!P9jn3QtPcQAq[fEVby.8+'),
    ('5157731c66709eb0f29b7c6f7c9dc322', 1, 'FC%DL#mw!P9jn3QtPcQAq[fEVby.8+FC%DL#mw!P9jn3QtPcQAq[fEVby.8+FC%D'),
    ('457faf662058f28e8ab072f299bd0254', 1, 'FC%DL#mw!P9jn3QtPcQAq[fEVby.8+FC%DL#mw!P9jn3QtPcQAq[fEVby.8+FC%D'),
    ('9f05e9e5ec40e8c6527c68d21c5059ed', 1, 'FC%DL#mw!P9jn3QtPcQAq[fEVby.8+FC%DL#mw!P9jn3QtPcQAq[fEVby.8+FC%D'),
    ('bbeeca71bc1a1db53006211adf9dd61d', 2, '#'),
    ('7ca79647b313ff533f15e2ff82e090ef', 2, '#'),
    ('065399fc638e5fe006983b4809a3f2ca', 2, '#'),
    ('bb83a1d288bc6e826bd58f63936bc5ed', 2, '#'),
    ('a6a888a5fd2eb36e81c19373aae6deae', 2, '#'),
    ('9cab5d270ad73a73fea45937b19667c1', 2, '#'),
    ('68d34d705f7d990c1ca14f479b3ca77a', 2, '#'),
    ('c8afd14e0e641f1d1f7039033c214f10', 2, '#'),
    ('7adb14f56cb0e756f8a0467f1114b22e', 2, '#'),
    ('80c03e2edacfc8ce047c907c466003de', 2, '#'),
    ('0bd91538c78936b6f5788684f9796f74', 2, '#'),
    ('7df39e9596377763c98a78bcdc4050bf', 2, '#'),
    ('417fbb586aa5d4fb1dfc5fdb0a03910c', 2, '#'),
    ('a96d3018cea34ae5eed0044893e0afb9', 2, '#'),
    ('fc127ae876fd2c317b3e724683cac63b', 2, '#'),
    ('3b9a3c8176fd0a56e11dd854f926de39', 2, '#'),
    ('a78afe579dff969fc08ac56d1ecc0e89', 2, '#'),
    ('1c3ca02dcf1e2fa36a6db67e2851b9eb', 2, '#'),
    ('cc64e822b73d7b94c5c1e400fc250a96', 2, '#'),
    ('e57534b5e21b910ba9c0a9403f0af40f', 2, '#');

INSERT INTO tasks (task_id, user_id, category_id, label, description) VALUES
    ('831e8f370d9eb396ca028d12e0acffba', 1, 'f4d229c09eb3e755abbf3202190e1680', '#', '#'),
    ('eb0c7c91d6596b4ca22765e28f908458', 1, 'f4d229c09eb3e755abbf3202190e1680', '#', '#'),
    ('80ffb1c829d165e5b381bda503b09d4e', 1, 'f4d229c09eb3e755abbf3202190e1680', '#', '#'),
    ('5a8a9f96728c0c11dd891fb6cdb203ef', 1, 'f4d229c09eb3e755abbf3202190e1680', '#', '#'),
    ('13bc760cc678c8a014c055ab582e7850', 1, 'f4d229c09eb3e755abbf3202190e1680', '#', '#'),
    ('0b1ff2be92a1578bb54da8646116963f', 1, 'f4d229c09eb3e755abbf3202190e1680', '#', '#'),
    ('be98194422332d4a6fa57b653b46fd9a', 1, 'f4d229c09eb3e755abbf3202190e1680', '#', '#'),
    ('c6d56f125f726a51f44054d2fd13465d', 1, 'f4d229c09eb3e755abbf3202190e1680', '#', '#'),
    ('7c61490082815a685361a3d2bf68359b', 1, 'f4d229c09eb3e755abbf3202190e1680', '#', '#'),
    ('3bb905edf7405defad53971cbf7180d6', 1, 'f4d229c09eb3e755abbf3202190e1680', '#', '#'),
    ('ad0348a44c7ed42774c9e054d9c39833', 1, 'f4d229c09eb3e755abbf3202190e1680', '#', '#'),
    ('e16badf23de7e8944a753ef2f0ee179e', 1, 'f4d229c09eb3e755abbf3202190e1680', '#', '#'),
    ('18eda258391c3f64b044e030293f00f1', 1, 'f4d229c09eb3e755abbf3202190e1680', '#', '#'),
    ('4cb6ed60b7ca7ec5581d720c9bc9805d', 1, 'f4d229c09eb3e755abbf3202190e1680', '#', '#'),
    ('8fba20e805bf447803326dbf74a6a345', 1, 'f4d229c09eb3e755abbf3202190e1680', '#', '#'),
    ('712d6a8c7561277bd2a24ec5bb14fa2a', 1, 'f4d229c09eb3e755abbf3202190e1680', '#', '#'),
    ('2e33339ed15208acd76af31d79fedf7a', 1, 'f4d229c09eb3e755abbf3202190e1680', '#', '#'),
    ('8120470fe72a3b9dc8b33d8cc8dd40c8', 1, 'f4d229c09eb3e755abbf3202190e1680', '#', '#'),
    ('7731e266c89895f25d7632e1ed464ac3', 1, 'f4d229c09eb3e755abbf3202190e1680', '#', '#'),
    ('dbe34dfaf6953abd5b15b60a4c075ac7', 1, 'f4d229c09eb3e755abbf3202190e1680', '#', '#'),
    ('79e93b877020bf8a61948376eb580482', 1, '5157731c66709eb0f29b7c6f7c9dc322', '', ''),
    ('79e93b877020bf8a6194837aeb580482', 1, '5157731c66709eb0f29b7c6f7c9dc322', '5157731c66709eb0f29b7c6f7c9dc322', '5157731c66709eb0f29b7c6f7c9dc322'),
    ('ab642e1bcbc8bba0d2ef8e00060561b6', 2, '0bd91538c78936b6f5788684f9796f74', '$$$$$$$$$$$$$$$$$$$$$$$$$$$$$$$$$$$$', '$$$$$$$$$$$$$$$$$$$$$$$$$$$$$$$$$$$$')
    ;